hsk_level_group	index	character	page
1-2	1	爱	288
1-2	2	八	288
1-2	3	爸	288
1-2	4	百	288
1-2	5	半	288
1-2	6	比	288
1-2	7	边	288
1-2	8	不	288
1-2	9	茶	288
1-2	10	打	288
1-2	11	大	288
1-2	12	地	288
1-2	13	的	288
1-2	14	点	288
1-2	15	对	288
1-2	16	多	288
1-2	17	儿	288
1-2	18	二	288
1-2	19	分	288
1-2	20	哥	288
1-2	21	个	288
1-2	22	工	288
1-2	23	口	288
1-2	24	国	288
1-2	25	过	288
1-2	26	还	288
1-2	27	汉	288
1-2	28	好	288
1-2	29	和	288
1-2	30	很	288
1-2	31	后	288
1-2	32	会	288
1-2	33	几	288
1-2	34	家	288
1-2	35	间	288
1-2	36	叫	288
1-2	37	姐	288
1-2	38	今	288
1-2	39	男	288
1-2	40	九	288
1-2	41	可	288
1-2	42	来	288
1-2	43	了	288
1-2	44	两	288
1-2	45	六	288
1-2	46	妈	288
1-2	47	吗	288
1-2	48	么	288
1-2	49	没	288
1-2	50	们	288
1-2	51	名	288
1-2	52	那	288
1-2	53	你	288
1-2	54	年	288
1-2	55	七	288
1-2	56	去	288
1-2	57	人	288
1-2	58	日	288
1-2	59	三	288
1-2	60	少	288
1-2	61	上	288
1-2	62	什	288
1-2	63	生	288
1-2	64	十	288
1-2	65	时	288
1-2	66	是	288
1-2	67	书	288
1-2	68	说	288
1-2	69	四	288
1-2	70	岁	288
1-2	71	他	288
1-2	72	她	288
1-2	73	天	288
1-2	74	同	288
1-2	75	为	288
1-2	76	文	288
1-2	77	我	288
1-2	78	五	288
1-2	79	午	288
1-2	80	习	288
1-2	81	下	288
1-2	82	小	288
1-2	83	现	288
1-2	84	写	288
1-2	85	学	288
1-2	86	要	288
1-2	87	也	288
1-2	88	一	288
1-2	89	以	288
1-2	90	有	288
1-2	91	语	288
1-2	92	月	288
1-2	93	在	288
1-2	94	长	288
1-2	95	这	288
1-2	96	中	288
1-2	97	子	288
1-2	98	女	288
1-2	99	字	288
1-2	100	作	288
3	1	安	289
3	2	把	289
3	3	般	289
3	4	板	289
3	5	办	289
3	6	饱	289
3	7	报	289
3	8	北	289
3	9	被	289
3	10	必	289
3	11	变	289
3	12	冰	289
3	13	才	289
3	14	参	289
3	15	草	289
3	16	层	289
3	17	查	289
3	18	差	289
3	19	成	289
3	20	城	289
3	21	除	289
3	22	处	289
3	23	春	289
3	24	答	289
3	25	带	289
3	26	单	289
3	27	当	289
3	28	灯	289
3	29	典	289
3	30	调	289
3	31	定	289
3	32	丢	289
3	33	冬	289
3	34	段	289
3	35	而	289
3	36	耳	289
3	37	发	289
3	38	法	289
3	39	方	289
3	40	放	289
3	41	风	289
3	42	复	289
3	43	该	289
3	44	干	289
3	45	刚	289
3	46	更	289
3	47	共	289
3	48	故	289
3	49	瓜	289
3	50	海	289
3	51	合	289
3	52	河	289
3	53	护	289
3	54	化	289
3	55	换	289
3	56	活	289
3	57	或	289
3	58	级	289
3	59	急	289
3	60	加	289
3	61	假	289
3	62	讲	289
3	63	角	289
3	64	饺	289
3	65	节	289
3	66	结	289
3	67	借	289
3	68	斤	289
3	69	净	289
3	70	久	289
3	71	句	289
3	72	卡	289
3	73	渴	289
3	74	刻	289
3	75	空	289
3	76	哭	289
3	77	礼	289
3	78	李	289
3	79	力	289
3	80	练	289
3	81	凉	289
3	82	马	289
3	83	毛	289
3	84	目	289
3	85	南	289
3	86	难	289
3	87	努	289
3	88	怕	289
3	89	胖	289
3	90	片	289
3	91	平	289
3	92	瓶	289
3	93	其	289
3	94	汽	289
3	95	且	289
3	96	轻	289
3	97	秋	289
3	98	求	289
3	99	区	289
3	100	全	289
3	101	如	289
3	102	伞	289
3	103	山	289
3	104	勺	289
3	105	声	289
3	106	实	289
3	107	适	289
3	108	收	289
3	109	受	289
3	110	树	289
3	111	特	289
3	112	挺	289
3	113	图	289
3	114	闻	289
3	115	务	289
3	116	物	289
3	117	夏	289
3	118	相	289
3	119	香	289
3	120	响	289
3	121	向	289
3	122	心	289
3	123	信	289
3	124	行	289
3	125	须	289
3	126	选	289
3	127	牙	289
3	128	言	289
3	129	羊	289
3	130	阳	289
3	131	养	289
3	132	业	289
3	133	页	289
3	134	音	289
3	135	饮	289
3	136	应	289
3	137	用	289
3	138	又	289
3	139	于	289
3	140	育	289
3	141	咱	289
3	142	张	289
3	143	者	289
3	144	直	289
3	145	纸	289
3	146	种	289
3	147	重	289
3	148	主	289
3	149	助	289
3	150	总	289
4	1	巴	290
4	2	保	290
4	3	抱	290
4	4	背	290
4	5	标	290
4	6	并	290
4	7	部	290
4	8	餐	290
4	9	产	290
4	10	厂	290
4	11	晨	290
4	12	程	290
4	13	吹	290
4	14	此	290
4	15	村	290
4	16	达	290
4	17	刀	290
4	18	导	290
4	19	倒	290
4	20	低	290
4	21	掉	290
4	22	度	290
4	23	断	290
4	24	队	290
4	25	烦	290
4	26	反	290
4	27	份	290
4	28	否	290
4	29	父	290
4	30	改	290
4	31	敢	290
4	32	各	290
4	33	够	290
4	34	挂	290
4	35	观	290
4	36	管	290
4	37	广	290
4	38	喊	290
4	39	忽	290
4	40	虎	290
4	41	划	290
4	42	基	290
4	43	及	290
4	44	计	290
4	45	技	290
4	46	际	290
4	47	济	290
4	48	寄	290
4	49	建	290
4	50	江	290
4	51	将	290
4	52	金	290
4	53	京	290
4	54	究	290
4	55	举	290
4	56	科	290
4	57	克	290
4	58	况	290
4	59	困	290
4	60	拉	290
4	61	利	290
4	62	例	290
4	63	俩	290
4	64	连	290
4	65	联	290
4	66	量	290
4	67	另	290
4	68	流	290
4	69	论	290
4	70	麻	290
4	71	美	290
4	72	民	290
4	73	内	290
4	74	农	290
4	75	弄	290
4	76	排	290
4	77	牌	290
4	78	篇	290
4	79	品	290
4	80	普	290
4	81	强	290
4	82	青	290
4	83	取	290
4	84	确	290
4	85	任	290
4	86	扔	290
4	87	入	290
4	88	社	290
4	89	深	290
4	90	省	290
4	91	食	290
4	92	使	290
4	93	示	290
4	94	式	290
4	95	输	290
4	96	熟	290
4	97	术	290
4	98	顺	290
4	99	随	290
4	100	台	290
4	101	态	290
4	102	谈	290
4	103	汤	290
4	104	堂	290
4	105	讨	290
4	106	套	290
4	107	庭	290
4	108	停	290
4	109	通	290
4	110	痛	290
4	111	土	290
4	112	推	290
4	113	味	290
4	114	温	290
4	115	无	290
4	116	误	290
4	117	线	290
4	118	象	290
4	119	性	290
4	120	兄	290
4	121	许	290
4	122	血	290
4	123	压	290
4	124	亚	290
4	125	研	290
4	126	验	290
4	127	夜	290
4	128	印	290
4	129	永	290
4	130	由	290
4	131	油	290
4	132	与	290
4	133	原	290
4	134	约	290
4	135	云	290
4	136	增	290
4	137	章	290
4	138	之	290
4	139	支	290
4	140	止	290
4	141	指	290
4	142	至	290
4	143	志	290
4	144	众	290
4	145	专	290
4	146	转	290
4	147	装	290
4	148	资	290
4	149	组	290
4	150	座	290
5	1	版	291
5	2	扮	291
5	3	伴	291
5	4	宝	291
5	5	贝	291
5	6	币	291
5	7	闭	291
5	8	补	291
5	9	布	291
5	10	采	291
5	11	册	291
5	12	测	291
5	13	叉	291
5	14	吵	291
5	15	沉	291
5	16	称	291
5	17	承	291
5	18	尺	291
5	19	冲	291
5	20	充	291
5	21	虫	291
5	22	抽	291
5	23	丑	291
5	24	臭	291
5	25	传	291
5	26	创	291
5	27	代	291
5	28	胆	291
5	29	旦	291
5	30	挡	291
5	31	敌	291
5	32	冻	291
5	33	斗	291
5	34	豆	291
5	35	独	291
5	36	吨	291
5	37	范	291
5	38	防	291
5	39	访	291
5	40	疯	291
5	41	佛	291
5	42	府	291
5	43	妇	291
5	44	搞	291
5	45	贡	291
5	46	构	291
5	47	古	291
5	48	柜	291
5	49	哈	291
5	50	含	291
5	51	胡	291
5	52	湖	291
5	53	华	291
5	54	挥	291
5	55	挤	291
5	56	甲	291
5	57	架	291
5	58	艰	291
5	59	局	291
5	60	巨	291
5	61	军	291
5	62	均	291
5	63	靠	291
5	64	宽	291
5	65	亏	291
5	66	括	291
5	67	劳	291
5	68	泪	291
5	69	类	291
5	70	立	291
5	71	良	291
5	72	疗	291
5	73	烈	291
5	74	领	291
5	75	令	291
5	76	龙	291
5	77	陆	291
5	78	录	291
5	79	骂	291
5	80	秘	291
5	81	某	291
5	82	念	291
5	83	派	291
5	84	配	291
5	85	盆	291
5	86	碰	291
5	87	匹	291
5	88	拼	291
5	89	齐	291
5	90	欠	291
5	91	曲	291
5	92	权	291
5	93	劝	291
5	94	忍	291
5	95	晒	291
5	96	舍	291
5	97	设	291
5	98	神	291
5	99	升	291
5	100	胜	291
5	101	诗	291
5	102	石	291
5	103	似	291
5	104	势	291
5	105	守	291
5	106	私	291
5	107	素	291
5	108	宿	291
5	109	挑	291
5	110	团	291
5	111	退	291
5	112	拖	291
5	113	伟	291
5	114	未	291
5	115	胃	291
5	116	武	291
5	117	夕	291
5	118	析	291
5	119	席	291
5	120	闲	291
5	121	显	291
5	122	县	291
5	123	形	291
5	124	宣	291
5	125	寻	291
5	126	训	291
5	127	咬	291
5	128	依	291
5	129	乙	291
5	130	亿	291
5	131	义	291
5	132	益	291
5	133	映	291
5	134	余	291
5	135	玉	291
5	136	圆	291
5	137	载	291
5	138	造	291
5	139	占	291
5	140	召	291
5	141	政	291
5	142	织	291
5	143	制	291
5	144	治	291
5	145	致	291
5	146	猪	291
5	147	竹	291
5	148	抓	291
5	149	状	291
5	150	追	291
6	1	岸	292
6	2	昂	292
6	3	拔	292
6	4	摆	292
6	5	悲	292
6	6	奔	292
6	7	编	292
6	8	兵	292
6	9	财	292
6	10	仓	292
6	11	侧	292
6	12	策	292
6	13	肠	292
6	14	畅	292
6	15	抄	292
6	16	臣	292
6	17	尘	292
6	18	呈	292
6	19	愁	292
6	20	串	292
6	21	闯	292
6	22	纯	292
6	23	匆	292
6	24	寸	292
6	25	呆	292
6	26	诞	292
6	27	岛	292
6	28	德	292
6	29	抵	292
6	30	吊	292
6	31	顶	292
6	32	夺	292
6	33	恶	292
6	34	帆	292
6	35	凡	292
6	36	犯	292
6	37	妨	292
6	38	肺	292
6	39	氛	292
6	40	奉	292
6	41	辅	292
6	42	肝	292
6	43	岗	292
6	44	攻	292
6	45	巩	292
6	46	孤	292
6	47	股	292
6	48	骨	292
6	49	拐	292
6	50	官	292
6	51	贯	292
6	52	归	292
6	53	龟	292
6	54	轨	292
6	55	罕	292
6	56	旱	292
6	57	恨	292
6	58	宏	292
6	59	幻	292
6	60	皇	292
6	61	击	292
6	62	饥	292
6	63	吉	292
6	64	夹	292
6	65	尖	292
6	66	肩	292
6	67	杰	292
6	68	戒	292
6	69	劲	292
6	70	井	292
6	71	径	292
6	72	纠	292
6	73	刊	292
6	74	抗	292
6	75	夸	292
6	76	兰	292
6	77	拦	292
6	78	牢	292
6	79	雷	292
6	80	劣	292
6	81	轮	292
6	82	迈	292
6	83	麦	292
6	84	盲	292
6	85	贸	292
6	86	妙	292
6	87	灭	292
6	88	纳	292
6	89	泥	292
6	90	拟	292
6	91	扭	292
6	92	盼	292
6	93	抛	292
6	94	泡	292
6	95	佩	292
6	96	披	292
6	97	贫	292
6	98	坡	292
6	99	迫	292
6	100	扑	292
6	101	朴	292
6	102	启	292
6	103	枪	292
6	104	瞧	292
6	105	圈	292
6	106	券	292
6	107	丧	292
6	108	杀	292
6	109	闪	292
6	110	尚	292
6	111	舌	292
6	112	审	292
6	113	寿	292
6	114	汰	292
6	115	坛	292
6	116	吐	292
6	117	吞	292
6	118	托	292
6	119	亡	292
6	120	委	292
6	121	谓	292
6	122	沃	292
6	123	乌	292
6	124	吓	292
6	125	雄	292
6	126	旬	292
6	127	讯	292
6	128	讶	292
6	129	炎	292
6	130	央	292
6	131	仰	292
6	132	仪	292
6	133	异	292
6	134	抑	292
6	135	英	292
6	136	忧	292
6	137	予	292
6	138	晕	292
6	139	匀	292
6	140	孕	292
6	141	灾	292
6	142	扎	292
6	143	宅	292
6	144	仗	292
6	145	枝	292
6	146	肿	292
6	147	州	292
6	148	妆	292
6	149	庄	292
6	150	壮	292
7-9	1	挨	293
7-9	2	癌	293
7-9	3	疤	293
7-9	4	坝	293
7-9	5	罢	293
7-9	6	掰	293
7-9	7	扳	293
7-9	8	颁	293
7-9	9	拌	293
7-9	10	绊	293
7-9	11	绑	293
7-9	12	磅	293
7-9	13	煲	293
7-9	14	卑	293
7-9	15	碑	293
7-9	16	绷	293
7-9	17	蹦	293
7-9	18	弊	293
7-9	19	贬	293
7-9	20	扁	293
7-9	21	辨	293
7-9	22	辩	293
7-9	23	憋	293
7-9	24	丙	293
7-9	25	波	293
7-9	26	剥	293
7-9	27	伯	293
7-9	28	勃	293
7-9	29	搏	293
7-9	30	卜	293
7-9	31	怖	293
7-9	32	惨	293
7-9	33	灿	293
7-9	34	蹭	293
7-9	35	岔	293
7-9	36	掺	293
7-9	37	搀	293
7-9	38	馋	293
7-9	39	缠	293
7-9	40	铲	293
7-9	41	阐	293
7-9	42	昌	293
7-9	43	扯	293
7-9	44	陈	293
7-9	45	秤	293
7-9	46	痴	293
7-9	47	耻	293
7-9	48	赤	293
7-9	49	仇	293
7-9	50	绸	293
7-9	51	畴	293
7-9	52	酬	293
7-9	53	稠	293
7-9	54	瞅	293
7-9	55	锄	293
7-9	56	揣	293
7-9	57	踹	293
7-9	58	喘	293
7-9	59	幢	293
7-9	60	捶	293
7-9	61	锤	293
7-9	62	蠢	293
7-9	63	戳	293
7-9	64	慈	293
7-9	65	赐	293
7-9	66	葱	293
7-9	67	丛	293
7-9	68	凑	293
7-9	69	窜	293
7-9	70	粹	293
7-9	71	搓	293
7-9	72	逮	293
7-9	73	党	293
7-9	74	荡	293
7-9	75	盗	293
7-9	76	蹬	293
7-9	77	瞪	293
7-9	78	堤	293
7-9	79	颠	293
7-9	80	垫	293
7-9	81	淀	293
7-9	82	奠	293
7-9	83	叼	293
7-9	84	雕	293
7-9	85	爹	293
7-9	86	叠	293
7-9	87	碟	293
7-9	88	丁	293
7-9	89	盯	293
7-9	90	钉	293
7-9	91	董	293
7-9	92	兜	293
7-9	93	抖	293
7-9	94	陡	293
7-9	95	赌	293
7-9	96	妒	293
7-9	97	兑	293
7-9	98	炖	293
7-9	99	鹅	293
7-9	100	遏	293
7-9	101	恩	293
7-9	102	伐	293
7-9	103	废	293
7-9	104	沸	293
7-9	105	坟	293
7-9	106	粪	293
7-9	107	锋	293
7-9	108	逢	293
7-9	109	凤	293
7-9	110	缝	293
7-9	111	敷	293
7-9	112	伏	293
7-9	113	辐	293
7-9	114	抚	293
7-9	115	赴	293
7-9	116	腹	293
7-9	117	钙	293
7-9	118	甘	293
7-9	119	杆	293
7-9	120	纲	293
7-9	121	缸	293
7-9	122	搁	293
7-9	123	耕	293
7-9	124	弓	293
7-9	125	拱	293
7-9	126	勾	293
7-9	127	钩	293
7-9	128	谷	293
7-9	129	雇	293
7-9	130	乖	293
7-9	131	灌	293
7-9	132	鬼	293
7-9	133	函	293
7-9	134	撼	293
7-9	135	呵	293
7-9	136	禾	293
7-9	137	哼	293
7-9	138	恒	293
7-9	139	轰	293
7-9	140	哄	293
7-9	141	烘	293
7-9	142	弘	293
7-9	143	吼	293
7-9	144	唤	293
7-9	145	焕	293
7-9	146	荒	293
7-9	147	慌	293
7-9	148	凰	293
7-9	149	煌	293
7-9	150	晃	293
7-9	151	谎	293
7-9	152	辉	293
7-9	153	毁	293
7-9	154	昏	293
7-9	155	荤	293
7-9	156	魂	293
7-9	157	豁	293
7-9	158	稽	293
7-9	159	忌	293
7-9	160	剂	293
7-9	161	祭	293
7-9	162	暨	293
7-9	163	煎	293
7-9	164	拣	293
7-9	165	俭	293
7-9	166	贱	293
7-9	167	溅	293
7-9	168	姜	293
7-9	169	僵	294
7-9	170	桨	294
7-9	171	匠	294
7-9	172	绞	294
7-9	173	搅	294
7-9	174	缴	294
7-9	175	皆	294
7-9	176	揭	294
7-9	177	劫	294
7-9	178	竭	294
7-9	179	筋	294
7-9	180	茎	294
7-9	181	晶	294
7-9	182	鲸	294
7-9	183	揪	294
7-9	184	倔	294
7-9	185	掘	294
7-9	186	崛	294
7-9	187	嚼	294
7-9	188	俊	294
7-9	189	峻	294
7-9	190	慨	294
7-9	191	堪	294
7-9	192	侃	294
7-9	193	槛	294
7-9	194	扛	294
7-9	195	磕	294
7-9	196	壳	294
7-9	197	恳	294
7-9	198	啃	294
7-9	199	坑	294
7-9	200	孔	294
7-9	201	抠	294
7-9	202	垮	294
7-9	203	挎	294
7-9	204	跨	294
7-9	205	筐	294
7-9	206	框	294
7-9	207	愧	294
7-9	208	捆	294
7-9	209	蜡	294
7-9	210	揽	294
7-9	211	捞	294
7-9	212	涝	294
7-9	213	勒	294
7-9	214	愣	294
7-9	215	廉	294
7-9	216	咧	294
7-9	217	猎	294
7-9	218	裂	294
7-9	219	拎	294
7-9	220	赁	294
7-9	221	聆	294
7-9	222	溜	294
7-9	223	瘤	294
7-9	224	遛	294
7-9	225	聋	294
7-9	226	隆	294
7-9	227	搂	294
7-9	228	陋	294
7-9	229	鹿	294
7-9	230	卵	294
7-9	231	抡	294
7-9	232	萝	294
7-9	233	裸	294
7-9	234	屡	294
7-9	235	缕	294
7-9	236	脉	294
7-9	237	瞒	294
7-9	238	蔓	294
7-9	239	茫	294
7-9	240	枚	294
7-9	241	昧	294
7-9	242	闷	294
7-9	243	蒙	294
7-9	244	盟	294
7-9	245	猛	294
7-9	246	眯	294
7-9	247	谜	294
7-9	248	泌	294
7-9	249	苗	294
7-9	250	庙	294
7-9	251	蔑	294
7-9	252	鸣	294
7-9	253	膜	294
7-9	254	磨	294
7-9	255	魔	294
7-9	256	抹	294
7-9	257	莫	294
7-9	258	墨	294
7-9	259	谋	294
7-9	260	亩	294
7-9	261	牧	294
7-9	262	募	294
7-9	263	墓	294
7-9	264	乃	294
7-9	265	挠	294
7-9	266	嫩	294
7-9	267	逆	294
7-9	268	腻	294
7-9	269	黏	294
7-9	270	撵	294
7-9	271	尿	294
7-9	272	捏	294
7-9	273	宁	294
7-9	274	凝	294
7-9	275	纽	294
7-9	276	钮	294
7-9	277	挪	294
7-9	278	趴	294
7-9	279	攀	294
7-9	280	畔	294
7-9	281	刨	294
7-9	282	炮	294
7-9	283	烹	294
7-9	284	棚	294
7-9	285	蓬	294
7-9	286	劈	294
7-9	287	辟	294
7-9	288	偏	294
7-9	289	泊	294
7-9	290	颇	294
7-9	291	魄	294
7-9	292	谱	294
7-9	293	曝	294
7-9	294	沏	294
7-9	295	漆	294
7-9	296	乞	294
7-9	297	契	294
7-9	298	掐	294
7-9	299	迁	294
7-9	300	呛	294
7-9	301	翘	294
7-9	302	撬	294
7-9	303	侵	294
7-9	304	擎	294
7-9	305	驱	294
7-9	306	诠	294
7-9	307	拳	294
7-9	308	瘸	294
7-9	309	嚷	294
7-9	310	饶	294
7-9	311	惹	294
7-9	312	仁	294
7-9	313	饪	294
7-9	314	揉	294
7-9	315	若	294
7-9	316	桑	294
7-9	317	骚	294
7-9	318	纱	294
7-9	319	捎	294
7-9	320	哨	294
7-9	321	肾	294
7-9	322	渗	294
7-9	323	牲	294
7-9	324	圣	294
7-9	325	屎	294
7-9	326	逝	294
7-9	327	梳	294
7-9	328	疏	294
7-9	329	赎	294
7-9	330	署	294
7-9	331	墅	294
7-9	332	耍	294
7-9	333	甩	294
7-9	334	拴	294
7-9	335	涮	294
7-9	336	霜	294
7-9	337	爽	294
7-9	338	丝	294
7-9	339	撕	294
7-9	340	寺	294
7-9	341	肆	294
7-9	342	耸	294
7-9	343	讼	294
7-9	344	苏	294
7-9	345	酥	295
7-9	346	蒜	295
7-9	347	塌	295
7-9	348	拓	295
7-9	349	胎	295
7-9	350	贪	295
7-9	351	摊	295
7-9	352	滩	295
7-9	353	瘫	295
7-9	354	痰	295
7-9	355	坦	295
7-9	356	叹	295
7-9	357	炭	295
7-9	358	淌	295
7-9	359	陶	295
7-9	360	腾	295
7-9	361	剃	295
7-9	362	舔	295
7-9	363	捅	295
7-9	364	凸	295
7-9	365	秃	295
7-9	366	涂	295
7-9	367	臀	295
7-9	368	驮	295
7-9	369	妥	295
7-9	370	瓦	295
7-9	371	丸	295
7-9	372	挽	295
7-9	373	旺	295
7-9	374	伪	295
7-9	375	畏	295
7-9	376	纹	295
7-9	377	吻	295
7-9	378	窝	295
7-9	379	捂	295
7-9	380	勿	295
7-9	381	悟	295
7-9	382	牺	295
7-9	383	稀	295
7-9	384	溪	295
7-9	385	袭	295
7-9	386	虾	295
7-9	387	瞎	295
7-9	388	峡	295
7-9	389	狭	295
7-9	390	辖	295
7-9	391	仙	295
7-9	392	纤	295
7-9	393	掀	295
7-9	394	弦	295
7-9	395	衔	295
7-9	396	宪	295
7-9	397	镶	295
7-9	398	巷	295
7-9	399	邪	295
7-9	400	泄	295
7-9	401	泻	295
7-9	402	卸	295
7-9	403	懈	295
7-9	404	馨	295
7-9	405	腥	295
7-9	406	刑	295
7-9	407	凶	295
7-9	408	绣	295
7-9	409	锈	295
7-9	410	嗅	295
7-9	411	吁	295
7-9	412	玄	295
7-9	413	悬	295
7-9	414	削	295
7-9	415	穴	295
7-9	416	熏	295
7-9	417	巡	295
7-9	418	驯	295
7-9	419	芽	295
7-9	420	涯	295
7-9	421	哑	295
7-9	422	雅	295
7-9	423	衍	295
7-9	424	掩	295
7-9	425	咽	295
7-9	426	窑	295
7-9	427	耀	295
7-9	428	矣	295
7-9	429	倚	295
7-9	430	亦	295
7-9	431	役	295
7-9	432	绎	295
7-9	433	溢	295
7-9	434	翼	295
7-9	435	瘾	295
7-9	436	鹰	295
7-9	437	盈	295
7-9	438	庸	295
7-9	439	诱	295
7-9	440	愚	295
7-9	441	舆	295
7-9	442	屿	295
7-9	443	宇	295
7-9	444	郁	295
7-9	445	御	295
7-9	446	愈	295
7-9	447	冤	295
7-9	448	缘	295
7-9	449	曰	295
7-9	450	悦	295
7-9	451	蕴	295
7-9	452	熨	295
7-9	453	砸	295
7-9	454	栽	295
7-9	455	宰	295
7-9	456	攒	295
7-9	457	葬	295
7-9	458	凿	295
7-9	459	枣	295
7-9	460	灶	295
7-9	461	躁	295
7-9	462	贼	295
7-9	463	渣	295
7-9	464	闸	295
7-9	465	诈	295
7-9	466	榨	295
7-9	467	债	295
7-9	468	沾	295
7-9	469	斩	295
7-9	470	盏	295
7-9	471	绽	295
7-9	472	蘸	295
7-9	473	彰	295
7-9	474	胀	295
7-9	475	罩	295
7-9	476	遮	295
7-9	477	振	295
7-9	478	蒸	295
7-9	479	旨	295
7-9	480	帜	295
7-9	481	滞	295
7-9	482	忠	295
7-9	483	衷	295
7-9	484	宙	295
7-9	485	皱	295
7-9	486	烛	295
7-9	487	拄	295
7-9	488	嘱	295
7-9	489	驻	295
7-9	490	拽	295
7-9	491	撰	295
7-9	492	桩	295
7-9	493	坠	295
7-9	494	卓	295
7-9	495	兹	295
7-9	496	滋	295
7-9	497	籽	295
7-9	498	宗	295
7-9	499	纵	295
7-9	500	揍	295
